person,personLabel,firstnameLabel,lastnameLabel,birthdateLabel,birthplaceLabel,citizenshipLabel,diedLabel
Q269832,Claudine Auger,Claudine,Auger,1941-04-26,Paris,France,2019-12-18
Q82032,Christopher Tolkien,Christopher,Tolkien,1924-11-21,Leeds,France,2020-01-16
Q82032,Christopher Tolkien,Christopher,Tolkien,1924-11-21,Leeds,United Kingdom,2020-01-16
Q82032,Christopher Tolkien,Reuel,Tolkien,1924-11-21,Leeds,France,2020-01-16
Q82032,Christopher Tolkien,Reuel,Tolkien,1924-11-21,Leeds,United Kingdom,2020-01-16
Q82032,Christopher Tolkien,John,Tolkien,1924-11-21,Leeds,France,2020-01-16
Q82032,Christopher Tolkien,John,Tolkien,1924-11-21,Leeds,United Kingdom,2020-01-16
Q232113,Anna Karina,Hanne,Bayer,1940-09-22,Frederiksberg Municipality,Denmark,2019-12-14
Q232113,Anna Karina,Hanne,Bayer,1940-09-22,Frederiksberg Municipality,France,2019-12-14
Q232113,Anna Karina,Karin,Bayer,1940-09-22,Frederiksberg Municipality,Denmark,2019-12-14
Q232113,Anna Karina,Karin,Bayer,1940-09-22,Frederiksberg Municipality,France,2019-12-14
Q517594,André Capron,André,Capron,1930-12-30,Lens,France,2020-01-10
Q529203,Emanuel Ungaro,Emanuel,Ungaro,1933-02-13,Aix-en-Provence,France,2019-12-21
Q542741,Yona Friedman,János,Friedman,1923-06-05,Budapest,Hungary,2019-12-14
Q542741,Yona Friedman,János,Friedman,1923-06-05,Budapest,France,2019-12-14
Q542741,Yona Friedman,Yona,Friedman,1923-06-05,Budapest,Hungary,2019-12-14
Q542741,Yona Friedman,Yona,Friedman,1923-06-05,Budapest,France,2019-12-14
Q951678,Jacques Desallangre,Jacques,Desallangre,1935-09-06,Châlons-en-Champagne,France,2020-01-17
Q665234,Émile Jung,Émile,Jung,1941-04-02,Masevaux,France,2020-01-27
Q1364618,Alain Barrière,Alain,Bellec,1935-11-18,La Trinité-sur-Mer,France,2019-12-18
Q1364618,Alain Barrière,Alain,Barrière,1935-11-18,La Trinité-sur-Mer,France,2019-12-18
Q1377389,Paul Sauvage,Paul,Sauvage,1939-03-17,La Souterraine,France,2019-12-17
Q1508760,Georges-Hilaire Dupont,Georges,Dupont,1919-11-16,Virey,France,2020-01-29
Q767691,Jean Delumeau,Jean,Delumeau,1923-06-18,Nantes,France,2020-01-13
Q787717,Pierre Lacoste,Pierre,Lacoste,1924-01-23,16th arrondissement of Paris,France,2020-01-13
Q2382936,Ibrahim Diarra,Ibrahim,Diarra,1983-05-25,Savigny-sur-Orge,France,2019-12-18
Q2373234,François Autain,François,Autain,1935-06-16,Luché-sur-Brioux,France,2019-12-21
Q2847124,André Abadie,André,Abadie,1934-07-27,Toulouse,France,2020-01-06
Q2897999,Bernard Grosfilley,Bernard,Grosfilley,1949-08-03,Saint-Claude,France,2020-01-15
Q2898104,Bernard Joly,Bernard,Joly,1934-10-26,Troyes,France,2020-01-10
Q2898190,Bernard Lavalette,Bernard,Lavalette,1926-01-20,8th arrondissement of Paris,France,2019-12-14
Q2898192,Bernard Lavigne,Bernard,Lavigne,1954-08-23,Douzains,France,2019-12-27
Q2898216,Bernard Lefèvre,Bernard,Lefèvre,1930-06-22,Origny-en-Thiérache,France,2019-12-16
Q2899591,Bertrand Landrieu,Bertrand,Landrieu,1945-02-09,16th arrondissement of Paris,France,2019-12-06
Q3021837,Delphine Forest,Delphine,Forest,1966-08-28,16th arrondissement of Paris,France,2020-01-31
Q3022767,Denis Lalanne,Denis,Lalanne,1926-04-01,Pau,France,2019-12-07
Q3022902,Denis Rivière,Denis,Rivière,1945-08-12,Honfleur,France,2020-01-25
Q2958676,Charles Carrère,Charles,Carrère,1928-12-09,Saint-Louis,France,2020-01-17
Q2958676,Charles Carrère,Charles,Carrère,1928-12-09,Saint-Louis,Senegal,2020-01-17
Q3026978,Didier Costes,Didier,Costes,1926-01-01,16th arrondissement of Paris,France,2020-01-21
Q3063661,Fabien Thiémé,Fabien,Thiémé,1952-07-11,Fresnes-sur-Escaut,France,2019-12-27
Q3102639,Georges Duboeuf,Simon,Duboeuf,1933-04-14,Crêches-sur-Saône,France,2020-01-04
Q3102639,Georges Duboeuf,Georges,Duboeuf,1933-04-14,Crêches-sur-Saône,France,2020-01-04
Q3121905,Guy Laporte,Guy,Laporte,1948-03-11,Angers,France,2019-12-11
Q3122171,Guy Thomas,Guy,Thomas,1934-07-09,Ensival,France,2020-01-19
Q3103620,Georges Visconti,Georges,Visconti,1919-01-01,Geneva,France,2019-12-30
Q3130686,Henri Biancheri,Henri,Biancheri,1932-07-30,Marseille,France,2019-12-01
Q3130686,Henri Biancheri,Henri,Biancheri,1932-07-30,Marseille,Monaco,2019-12-01
Q3135560,Hilarion Vendégou,Hilarion,Q65114655,1941-09-04,L'Île-des-Pins,France,2020-01-11
Q3128925,Haïm Vidal Séphiha,Haim,Vidal,1923-01-28,Brussels metropolitan area,Belgium,2019-12-17
Q3128925,Haïm Vidal Séphiha,Haim,Vidal,1923-01-28,Brussels metropolitan area,France,2019-12-17
Q3128925,Haïm Vidal Séphiha,Vidal,Vidal,1923-01-28,Brussels metropolitan area,Belgium,2019-12-17
Q3128925,Haïm Vidal Séphiha,Vidal,Vidal,1923-01-28,Brussels metropolitan area,France,2019-12-17
Q3106185,Gilles Delouche,Gilles,Delouche,1948-08-03,Orléans,France,2020-01-20
Q3121724,Guy Delcourt,Guy,Delcourt,1947-07-13,Palaiseau,France,2020-01-31
Q3158393,Jacques Bravo,Jacques,Bravo,1943-12-29,Valognes,France,2019-12-18
Q3157784,Jacqueline Plessis,Jacqueline,Plessis,1918-11-09,Le Havre,France,2019-12-18
Q3158979,Jacques Gautheron,Jacques,Gautheron,1926-07-02,Lyon,France,2019-12-08
Q3159037,Jacques Grimbert,Jacques,Grimbert,1929-05-10,Colombes,France,2019-12-17
Q3164888,Jean-Claude Carle,Jean-Claude,Carle,1948-06-09,Chambéry,France,2019-12-13
Q3170260,Jean-Étienne Siry,Jean-Étienne,Siry,1940-03-05,16th arrondissement of Paris,France,2019-12-07
Q3170801,Jean Blot,Jean,Blot,1923-03-31,Moscow,France,2019-12-23
Q3271512,Léonard Keigel,Léonard,Keigel,1929-03-04,London,France,2020-01-30
Q3309015,Michel Billière,Michel,Billière,1943-07-16,Salles-sur-Garonne,France,2020-01-31
Q3309220,Michel Celaya,Michel,Celaya,1930-07-04,Biarritz,France,2020-01-02
Q3320909,Monique Pelletier,Monique,Pelletier,1934-09-09,Issy-les-Moulineaux,France,2020-01-21
Q3341142,Nicole de Buron,Nicole,Bruel,1929-01-12,Tunis,France,2019-12-11
Q3343503,Norbert Moutier,Norbert,Moutier,1941-03-17,Antony,France,2020-01-27
Q3311538,Michou,Alfred,Catty,1931-06-18,Amiens,France,2020-01-26
Q3311538,Michou,Michel,Catty,1931-06-18,Amiens,France,2020-01-26
Q3311538,Michou,Georges,Catty,1931-06-18,Amiens,France,2020-01-26
Q3386406,Pierre Métais,Pierre,Métais,1930-06-23,Couhé,France,2019-12-27
Q3439013,Roger Gensane,Roger,Gensane,1934-02-04,Sévérac-le-Château,France,2019-12-12
Q3439077,Roger Holeindre,Roger,Holeindre,1929-03-21,Corrano,France,2020-01-30
Q3480018,Servane de Layre-Mathéus,Servane,de Layre,1939-06-21,8th arrondissement of Paris,France,2020-01-27
Q3480018,Servane de Layre-Mathéus,Servane,Mathéus,1939-06-21,8th arrondissement of Paris,France,2020-01-27
Q3510030,Sébastien Demorand,Sébastien,Demorand,1969-08-04,Harare,France,2020-01-21
Q3573849,Yves Michel,Yves,Michel,1940-05-06,Montpellier,France,2019-12-15
Q3526317,Théo Klein,Theo,Klein,1920-06-25,10th arrondissement of Paris,France,2020-01-28
Q3587911,Élisabeth Rappeneau,Élisabeth,Rappeneau,1940-01-19,Auxerre,France,2020-01-02
Q6697077,Lucien Guillier,Lucien,Guillier,1926-12-19,12th arrondissement of Paris,France,2019-12-04
Q15407255,José Varela,José,Varela,1933-07-29,12th arrondissement of Paris,France,2019-12-27
Q7347033,Robert Lucas,Robert,Lucas,1922-10-05,Cambrai,France,2019-12-13
Q16262834,Raymond Gariépy,Raymond,Gariépy,1923-01-24,L'Ange-Gardien,Canada,2020-01-23
Q16262834,Raymond Gariépy,Raymond,Gariépy,1923-01-24,L'Ange-Gardien,France,2020-01-23
Q16264496,Maurice Prin,Maurice,Prin,1928-12-09,Toulouse,France,2019-12-27
Q16090585,Jean-Pierre Souche,Jean-Pierre,Souche,1927-09-02,14th arrondissement of Paris,France,2020-01-10
Q19844806,Henri Fontaine,Henri,Fontaine,1924-07-20,Saint-Fraimbault,France,2020-01-31
Q20480905,Miklós Vető,Miklós,Vető,1936-08-22,Budapest,Hungary,2020-01-08
Q20480905,Miklós Vető,Miklós,Vető,1936-08-22,Budapest,France,2020-01-08
Q33127185,André Decocq,André,Decocq,1932-03-14,Saint-Quentin,France,2019-12-29
Q45192064,Félix Marcilhac,Félix,Q84101478,1941-11-20,11th arrondissement of Paris,France,2020-01-29
Q47468991,Michel Aubert,Michel,Aubert,1930-11-20,Paris,France,2019-12-06
Q55628360,Jacqueline Bonnamour,Jacqueline,Bonnamour,1924-03-24,15th arrondissement of Paris,France,2020-01-25
Q57416451,Jacques Renaud,Jacques,Renaud,1923-12-13,10th arrondissement of Paris,France,2020-01-02
Q63259062,Roger Lejeune,Roger,Lejeune,1922-11-29,20th arrondissement of Paris,France,2019-12-17
Q65565435,Jean-Paul Batlle,Jean-Paul,Batlle,1940-06-29,Bompas,France,2020-01-26
Q65581557,Georges Fievez,Georges,Fiévez,1935-04-23,Avrigny,France,2019-12-05
Q65590989,Q65590989,Aline,Long-Torrell,1947-12-08,Condom,France,2020-01-13
Q66819925,Jean Mardikian,Jean,Mardikian,1935-05-25,Paris,France,2019-12-27
Q77344294,Jacques Morgantini,Jacques,Morgantini,1924-02-21,Montbéliard,France,2019-12-02
Q78185991,André Peyronie,André,Peyronie,1920-05-08,Albi,France,2019-12-10
Q80117469,Marc Plantier,Marc,Plantier,1937-06-13,Cours-la-Ville,France,2019-12-14
Q74021582,Alana Filippi,Pascale,Filippi,1960-09-03,17th arrondissement of Paris,France,2020-01-11
Q65602053,Christian Schmitt,Christian,Schmitt,1950-08-02,Ingwiller,France,2019-12-11
Q65605425,Claude Vial,Claude,Vial,1941-07-30,Charly,France,2019-12-15
Q80417022,Roger Perret,Roger,Perret,1928-10-17,Ambronay,France,2019-12-25
Q81379856,Q81379856,Stéphane,Doumbé,1953-12-05,Douala,France,2020-01-07
Q81379856,Q81379856,Stéphane,Billé,1953-12-05,Douala,France,2020-01-07
Q81624794,Cédric Chouviat,André,Chouviat,1977-12-14,14th arrondissement of Paris,France,2020-01-05
Q81624794,Cédric Chouviat,Tony,Chouviat,1977-12-14,14th arrondissement of Paris,France,2020-01-05
Q81624794,Cédric Chouviat,Cédric,Chouviat,1977-12-14,14th arrondissement of Paris,France,2020-01-05
Q81703120,Michelle Lapautre,Michelle,Lapautre,1931-07-28,Philadelphia,France,2020-01-03
Q81706628,Lucienne Brun,Lucienne,Brun,1941-07-19,Marseille,France,2020-01-06
Q83734041,Serge Stoléru,Serge,Stoléru,1952-06-02,6th arrondissement of Lyon,France,2020-01-10
Q87760465,Alexis Le Gall,Alexis,Le Gall,1922-10-20,Audierne,France,2019-12-21
Q104851102,Andrée Gabriel,Andrée,Gabriel,1925-07-19,La Marsa,France,2019-12-20
Q104851102,Andrée Gabriel,Andrée,Saada,1925-07-19,La Marsa,France,2019-12-20
Q104851102,Andrée Gabriel,Andrée,Gabriel,1928-10-26,La Marsa,France,2019-12-20
Q104851102,Andrée Gabriel,Andrée,Saada,1928-10-26,La Marsa,France,2019-12-20
